name,form,name_h,type_1,type_2,H,A,B,C,D,S
フシギダネ,0,フシギダネ,くさ,どく,45,49,49,65,65,45
フシギソウ,0,フシギソウ,くさ,どく,60,62,63,80,80,60
フシギバナ,0,フシギバナ,くさ,どく,80,82,83,100,100,80
ヒトカゲ,0,ヒトカゲ,ほのお,-,39,52,43,60,50,65
リザード,0,リザード,ほのお,-,58,64,58,80,65,80
リザードン,0,リザードン,ほのお,ひこう,78,84,78,109,85,100
ゼニガメ,0,ゼニガメ,みず,-,44,48,65,50,64,43
カメール,0,カメール,みず,-,59,63,80,65,80,58
カメックス,0,カメックス,みず,-,79,83,100,85,105,78
キャタピー,0,キャタピー,むし,-,45,30,35,20,20,45
トランセル,0,トランセル,むし,-,50,20,55,25,25,30
バタフリー,0,バタフリー,むし,ひこう,60,45,50,90,80,70
ビードル,0,ビードル,むし,どく,40,35,30,20,20,50
コクーン,0,コクーン,むし,どく,45,25,50,25,25,35
スピアー,0,スピアー,むし,どく,65,90,40,45,80,75
ポッポ,0,ポッポ,ノーマル,ひこう,40,45,40,35,35,56
ピジョン,0,ピジョン,ノーマル,ひこう,63,60,55,50,50,71
ピジョット,0,ピジョット,ノーマル,ひこう,83,80,75,70,70,101
コラッタ,0,コラッタ,ノーマル,-,30,56,35,25,35,72
コラッタ,1,コラッタ(アローラ),あく,ノーマル,30,56,35,25,35,72
ラッタ,0,ラッタ,ノーマル,-,55,81,60,50,70,97
ラッタ,1,ラッタ(アローラ),あく,ノーマル,55,81,60,50,70,97
オニスズメ,0,オニスズメ,ノーマル,ひこう,40,60,30,31,31,70
オニドリル,0,オニドリル,ノーマル,ひこう,65,90,65,61,61,100
アーボ,0,アーボ,どく,-,35,60,44,40,54,55
アーボック,0,アーボック,どく,-,60,95,69,65,79,80
ピカチュウ,0,ピカチュウ,でんき,-,35,55,40,50,50,90
ライチュウ,0,ライチュウ,でんき,-,60,90,55,90,80,110
ライチュウ,1,ライチュウ(アローラ),でんき,エスパー,60,90,55,90,80,110
サンド,0,サンド,じめん,-,50,75,85,20,30,40
サンド,1,サンド(アローラ),こおり,はがね,50,75,85,20,30,40
サンドパン,0,サンドパン,じめん,-,75,100,110,45,55,65
サンドパン,1,サンドパン(アローラ),こおり,はがね,75,100,110,45,55,65
ニドラン♀,0,ニドラン♀,どく,-,55,47,52,40,40,41
ニドリーナ,0,ニドリーナ,どく,-,70,62,67,55,55,56
ニドクイン,0,ニドクイン,どく,じめん,90,92,87,75,85,76
ニドラン♂,0,ニドラン♂,どく,-,46,57,40,40,40,50
ニドリーノ,0,ニドリーノ,どく,-,61,72,57,55,55,65
ニドキング,0,ニドキング,どく,じめん,81,102,77,85,75,85
ピッピ,0,ピッピ,フェアリー,-,70,45,48,60,65,35
ピクシー,0,ピクシー,フェアリー,-,95,70,73,95,90,60
ロコン,0,ロコン,ほのお,-,38,41,40,50,65,65
ロコン,1,ロコン(アローラ),こおり,-,38,41,40,50,65,65
キュウコン,0,キュウコン,ほのお,-,73,76,75,81,100,100
キュウコン,1,キュウコン(アローラ),こおり,フェアリー,73,76,75,81,100,100
プリン,0,プリン,ノーマル,フェアリー,115,45,20,45,25,20
プクリン,0,プクリン,ノーマル,フェアリー,140,70,45,85,50,45
ズバット,0,ズバット,どく,ひこう,40,45,35,30,40,55
ゴルバット,0,ゴルバット,どく,ひこう,75,80,70,65,75,90
ナゾノクサ,0,ナゾノクサ,くさ,どく,45,50,55,75,65,30
クサイハナ,0,クサイハナ,くさ,どく,60,65,70,85,75,40
ラフレシア,0,ラフレシア,くさ,どく,75,80,85,110,90,50
パラス,0,パラス,むし,くさ,35,70,55,45,55,25
パラセクト,0,パラセクト,むし,くさ,60,95,80,60,80,30
コンパン,0,コンパン,むし,どく,60,55,50,40,55,45
モルフォン,0,モルフォン,むし,どく,70,65,60,90,75,90
ディグダ,0,ディグダ,じめん,-,10,55,25,35,45,95
ディグダ,1,ディグダ(アローラ),じめん,はがね,10,55,25,35,45,95
ダグトリオ,0,ダグトリオ,じめん,-,35,100,50,50,70,120
ダグトリオ,1,ダグトリオ(アローラ),じめん,はがね,35,100,50,50,70,120
ニャース,0,ニャース,ノーマル,-,40,45,35,40,40,90
ニャース,1,ニャース(アローラ),あく,-,40,45,35,40,40,90
ニャース,2,ニャース(ガラル),はがね,-,40,45,35,40,40,90
ペルシアン,0,ペルシアン,ノーマル,-,65,70,60,65,65,115
ペルシアン,1,ペルシアン(アローラ),あく,-,65,70,60,65,65,115
コダック,0,コダック,みず,-,50,52,48,65,50,55
ゴルダック,0,ゴルダック,みず,-,80,82,78,95,80,85
マンキー,0,マンキー,かくとう,-,40,80,35,35,45,70
オコリザル,0,オコリザル,かくとう,-,65,105,60,60,70,95
ガーディ,0,ガーディ,ほのお,-,55,70,45,70,50,60
ウインディ,0,ウインディ,ほのお,-,90,110,80,100,80,95
ニョロモ,0,ニョロモ,みず,-,40,50,40,40,40,90
ニョロゾ,0,ニョロゾ,みず,-,65,65,65,50,50,90
ニョロボン,0,ニョロボン,みず,かくとう,90,95,95,70,90,70
ケーシィ,0,ケーシィ,エスパー,-,25,20,15,105,55,90
ユンゲラー,0,ユンゲラー,エスパー,-,40,35,30,120,70,105
フーディン,0,フーディン,エスパー,-,55,50,45,135,95,120
ワンリキー,0,ワンリキー,かくとう,-,70,80,50,35,35,35
ゴーリキー,0,ゴーリキー,かくとう,-,80,100,70,50,60,45
カイリキー,0,カイリキー,かくとう,-,90,130,80,65,85,55
マダツボミ,0,マダツボミ,くさ,どく,50,75,35,70,30,40
ウツドン,0,ウツドン,くさ,どく,65,90,50,85,45,55
ウツボット,0,ウツボット,くさ,どく,80,105,65,100,70,70
メノクラゲ,0,メノクラゲ,みず,どく,40,40,35,50,100,70
ドククラゲ,0,ドククラゲ,みず,どく,80,70,65,80,120,100
イシツブテ,0,イシツブテ,いわ,じめん,40,80,100,30,30,20
イシツブテ,1,イシツブテ(アローラ),いわ,でんき,40,80,100,30,30,20
ゴローン,0,ゴローン,いわ,じめん,55,95,115,45,45,35
ゴローン,1,ゴローン(アローラ),いわ,でんき,55,95,115,45,45,35
ゴローニャ,0,ゴローニャ,いわ,じめん,80,120,130,55,65,45
ゴローニャ,1,ゴローニャ(アローラ),いわ,でんき,80,120,130,55,65,45
ポニータ,0,ポニータ,ほのお,-,50,85,55,65,65,90
ポニータ,1,ポニータ(ガラル),エスパー,-,50,85,55,65,65,90
ギャロップ,0,ギャロップ,ほのお,-,65,100,70,80,80,105
ギャロップ,1,ギャロップ(ガラル),エスパー,フェアリー,65,100,70,80,80,105
ヤドン,0,ヤドン,みず,エスパー,90,65,65,40,40,15
ヤドン,1,ヤドン(ガラル),エスパー,-,90,65,65,40,40,15
ヤドラン,0,ヤドラン,みず,エスパー,95,75,110,100,80,30
ヤドラン,2,ヤドラン(ガラル),どく,エスパー,95,75,110,100,80,30
コイル,0,コイル,でんき,はがね,25,35,70,95,55,45
レアコイル,0,レアコイル,でんき,はがね,50,60,95,120,70,70
カモネギ,0,カモネギ,ノーマル,ひこう,52,90,55,58,62,60
カモネギ,0,カモネギ(アローラ),かくとう,-,52,90,55,58,62,60
ドードー,0,ドードー,ノーマル,ひこう,35,85,45,35,35,75
ドードリオ,0,ドードリオ,ノーマル,ひこう,60,110,70,60,60,110
パウワウ,0,パウワウ,みず,-,65,45,55,45,70,45
ジュゴン,0,ジュゴン,みず,こおり,90,70,80,70,95,70
ベトベター,0,ベトベター,どく,-,80,80,50,40,50,25
ベトベター,0,ベトベター(アローラ),どく,あく,80,80,50,40,50,25
ベトベトン,0,ベトベトン,どく,-,105,105,75,65,100,50
ベトベトン,0,ベトベトン(アローラ),どく,あく,105,105,75,65,100,50
シェルダー,0,シェルダー,みず,-,30,65,100,45,25,40
パルシェン,0,パルシェン,みず,こおり,50,95,180,85,45,70
ゴース,0,ゴース,ゴースト,どく,30,35,30,100,35,80
ゴースト,0,ゴースト,ゴースト,どく,45,50,45,115,55,95
ゲンガー,0,ゲンガー,ゴースト,どく,60,65,60,130,75,110
イワーク,0,イワーク,いわ,じめん,35,45,160,30,45,70
スリープ,0,スリープ,エスパー,-,60,48,45,43,90,42
スリーパー,0,スリーパー,エスパー,-,85,73,70,73,115,67
クラブ,0,クラブ,みず,-,30,105,90,25,25,50
キングラー,0,キングラー,みず,-,55,130,115,50,50,75
ビリリダマ,0,ビリリダマ,でんき,-,40,30,50,55,55,100
マルマイン,0,マルマイン,でんき,-,60,50,70,80,80,150
タマタマ,0,タマタマ,くさ,エスパー,60,40,80,60,45,40
ナッシー,0,ナッシー,くさ,エスパー,95,95,85,125,75,55
ナッシー,1,ナッシー(アローラ),くさ,ドラゴン,95,95,85,125,75,55
カラカラ,0,カラカラ,じめん,-,50,50,95,40,50,35
ガラガラ,0,ガラガラ,じめん,-,60,80,110,50,80,45
ガラガラ,1,ガラガラ(アローラ),じめん,ゴースト,60,80,110,50,80,45
サワムラー,0,サワムラー,かくとう,-,50,120,53,35,110,87
エビワラー,0,エビワラー,かくとう,-,50,105,79,35,110,76
ベロリンガ,0,ベロリンガ,ノーマル,-,90,55,75,60,75,30
ドガース,0,ドガース,どく,-,40,65,95,60,45,35
マタドガス,0,マタドガス,どく,-,65,90,120,85,70,60
マタドガス,1,マタドガス(ガラル),どく,フェアリー,65,90,120,85,70,60
サイホーン,0,サイホーン,じめん,いわ,80,85,95,30,30,25
サイドン,0,サイドン,じめん,いわ,105,130,120,45,45,40
ラッキー,0,ラッキー,ノーマル,-,250,5,5,35,105,50
モンジャラ,0,モンジャラ,くさ,-,65,55,115,100,40,60
ガルーラ,0,ガルーラ,ノーマル,-,105,95,80,40,80,90
タッツー,0,タッツー,みず,-,30,40,70,70,25,60
シードラ,0,シードラ,みず,-,55,65,95,95,45,85
トサキント,0,トサキント,みず,-,45,67,60,35,50,63
アズマオウ,0,アズマオウ,みず,-,80,92,65,65,80,68
ヒトデマン,0,ヒトデマン,みず,-,30,45,55,70,55,85
スターミー,0,スターミー,みず,エスパー,60,75,85,100,85,115
バリヤード,0,バリヤード,エスパー,フェアリー,40,45,65,100,120,90
バリヤード,1,バリヤード(ガラル),エスパー,こおり,40,45,65,100,120,90
ストライク,0,ストライク,むし,ひこう,70,110,80,55,80,105
ルージュラ,0,ルージュラ,こおり,エスパー,65,50,35,115,95,95
エレブー,0,エレブー,でんき,-,65,83,57,95,85,105
ブーバー,0,ブーバー,ほのお,-,65,95,57,100,85,93
カイロス,0,カイロス,むし,-,65,125,100,55,70,85
ケンタロス,0,ケンタロス,ノーマル,-,75,100,95,40,70,110
コイキング,0,コイキング,みず,-,20,10,55,15,20,80
ギャラドス,0,ギャラドス,みず,ひこう,95,125,79,60,100,81
ラプラス,0,ラプラス,みず,こおり,130,85,80,85,95,60
メタモン,0,メタモン,ノーマル,-,48,48,48,48,48,48
イーブイ,0,イーブイ,ノーマル,-,55,55,50,45,65,55
シャワーズ,0,シャワーズ,みず,-,130,65,60,110,95,65
サンダース,0,サンダース,でんき,-,65,65,60,110,95,130
ブースター,0,ブースター,ほのお,-,65,130,60,95,110,65
ポリゴン,0,ポリゴン,ノーマル,-,65,60,70,85,75,40
オムナイト,0,オムナイト,いわ,みず,35,40,100,90,55,35
オムスター,0,オムスター,いわ,みず,70,60,125,115,70,55
カブト,0,カブト,いわ,みず,30,80,90,55,45,55
カブトプス,0,カブトプス,いわ,みず,60,115,105,65,70,80
プテラ,0,プテラ,いわ,ひこう,80,105,65,60,75,130
カビゴン,0,カビゴン,ノーマル,-,160,110,65,65,110,30
フリーザー,0,フリーザー,こおり,ひこう,90,85,100,95,125,85
フリーザー,1,フリーザー(ガラル),エスパー,ひこう,90,85,100,95,125,85
サンダー,0,サンダー,でんき,ひこう,90,90,85,125,90,100
サンダー,1,サンダー(ガラル),かくとう,ひこう,90,90,85,125,90,100
ファイヤー,0,ファイヤー,ほのお,ひこう,90,100,90,125,85,90
ファイヤー,1,ファイヤー(ガラル),あく,ひこう,90,100,90,125,85,90
ミニリュウ,0,ミニリュウ,ドラゴン,-,41,64,45,50,50,50
ハクリュー,0,ハクリュー,ドラゴン,-,61,84,65,70,70,70
カイリュー,0,カイリュー,ドラゴン,ひこう,91,134,95,100,100,80
ミュウツー,0,ミュウツー,エスパー,-,106,110,90,154,90,130
ミュウ,0,ミュウ,エスパー,-,100,100,100,100,100,100
チコリータ,0,チコリータ,くさ,-,45,49,65,49,65,45
ベイリーフ,0,ベイリーフ,くさ,-,60,62,80,63,80,60
メガニウム,0,メガニウム,くさ,-,80,82,100,83,100,80
ヒノアラシ,0,ヒノアラシ,ほのお,-,39,52,43,60,50,65
マグマラシ,0,マグマラシ,ほのお,-,58,64,58,80,65,80
バクフーン,0,バクフーン,ほのお,-,78,84,78,109,85,100
ワニノコ,0,ワニノコ,みず,-,50,65,64,44,48,43
アリゲイツ,0,アリゲイツ,みず,-,65,80,80,59,63,58
オーダイル,0,オーダイル,みず,-,85,105,100,79,83,78
オタチ,0,オタチ,ノーマル,-,35,46,34,35,45,20
オオタチ,0,オオタチ,ノーマル,-,85,76,64,45,55,90
ホーホー,0,ホーホー,ノーマル,ひこう,60,30,30,36,56,50
ヨルノズク,0,ヨルノズク,ノーマル,ひこう,100,50,50,86,96,70
レディバ,0,レディバ,むし,ひこう,40,20,30,40,80,55
レディアン,0,レディアン,むし,ひこう,55,35,50,55,110,85
イトマル,0,イトマル,むし,どく,40,60,40,40,40,30
アリアドス,0,アリアドス,むし,どく,70,90,70,60,70,40
クロバット,0,クロバット,どく,ひこう,85,90,80,70,80,130
チョンチー,0,チョンチー,みず,でんき,75,38,38,56,56,67
ランターン,0,ランターン,みず,でんき,125,58,58,76,76,67
ピチュー,0,ピチュー,でんき,-,20,40,15,35,35,60
ピィ,0,ピィ,フェアリー,-,50,25,28,45,55,15
ププリン,0,ププリン,ノーマル,フェアリー,90,30,15,40,20,15
トゲピー,0,トゲピー,フェアリー,-,35,20,65,40,65,20
トゲチック,0,トゲチック,フェアリー,ひこう,55,40,85,80,105,40
ネイティ,0,ネイティ,エスパー,ひこう,40,50,45,70,45,70
ネイティオ,0,ネイティオ,エスパー,ひこう,65,75,70,95,70,95
メリープ,0,メリープ,でんき,-,55,40,40,65,45,35
モココ,0,モココ,でんき,-,70,55,55,80,60,45
デンリュウ,0,デンリュウ,でんき,-,90,75,85,115,90,55
キレイハナ,0,キレイハナ,くさ,-,75,80,95,90,100,50
マリル,0,マリル,みず,フェアリー,70,20,50,20,50,40
マリルリ,0,マリルリ,みず,フェアリー,100,50,80,60,80,50
ウソッキー,0,ウソッキー,いわ,-,70,100,115,30,65,30
ニョロトノ,0,ニョロトノ,みず,-,90,75,75,90,100,70
ハネッコ,0,ハネッコ,くさ,ひこう,35,35,40,35,55,50
ポポッコ,0,ポポッコ,くさ,ひこう,55,45,50,45,65,80
ワタッコ,0,ワタッコ,くさ,ひこう,75,55,70,55,95,110
エイパム,0,エイパム,ノーマル,-,55,70,55,40,55,85
ヒマナッツ,0,ヒマナッツ,くさ,-,30,30,30,30,30,30
キマワリ,0,キマワリ,くさ,-,75,75,55,105,85,30
ヤンヤンマ,0,ヤンヤンマ,むし,ひこう,65,65,45,75,45,95
ウパー,0,ウパー,みず,じめん,55,45,45,25,25,15
ヌオー,0,ヌオー,みず,じめん,95,85,85,65,65,35
エーフィ,0,エーフィ,エスパー,-,65,65,60,130,95,110
ブラッキー,0,ブラッキー,あく,-,95,65,110,60,130,65
ヤミカラス,0,ヤミカラス,あく,ひこう,60,85,42,85,42,91
ヤドキング,0,ヤドキング,みず,エスパー,95,75,80,100,110,30
ヤドキング,1,ヤドキング(ガラル),どく,エスパー,95,75,80,100,110,30
ムウマ,0,ムウマ,ゴースト,-,60,60,60,85,85,85
アンノーン,0,アンノーン,エスパー,-,48,72,48,72,48,48
ソーナンス,0,ソーナンス,エスパー,-,190,33,58,33,58,33
キリンリキ,0,キリンリキ,ノーマル,エスパー,70,80,65,90,65,85
クヌギダマ,0,クヌギダマ,むし,-,50,65,90,35,35,15
フォレトス,0,フォレトス,むし,はがね,75,90,140,60,60,40
ノコッチ,0,ノコッチ,ノーマル,-,100,70,70,65,65,45
グライガー,0,グライガー,じめん,ひこう,65,75,105,35,65,85
ハガネール,0,ハガネール,はがね,じめん,75,85,200,55,65,30
ブルー,0,ブルー,フェアリー,-,60,80,50,40,40,30
グランブル,0,グランブル,フェアリー,-,90,120,75,60,60,45
ハリーセン,0,ハリーセン,みず,どく,65,95,85,55,55,85
ハッサム,0,ハッサム,むし,はがね,70,130,100,55,80,65
ツボツボ,0,ツボツボ,むし,いわ,20,10,230,10,230,5
ヘラクロス,0,ヘラクロス,むし,かくとう,80,125,75,40,95,85
ニューラ,0,ニューラ,あく,こおり,55,95,55,35,75,115
ヒメグマ,0,ヒメグマ,ノーマル,-,60,80,50,50,50,40
リングマ,0,リングマ,ノーマル,-,90,130,75,75,75,55
マグマッグ,0,マグマッグ,ほのお,-,40,40,40,70,40,20
マグカルゴ,0,マグカルゴ,ほのお,いわ,60,50,120,90,80,30
ウリムー,0,ウリムー,こおり,じめん,50,50,40,30,30,50
イノムー,0,イノムー,こおり,じめん,100,100,80,60,60,50
サニーゴ,0,サニーゴ,みず,いわ,65,55,95,65,95,35
サニーゴ,1,サニーゴ(ガラル),ゴースト,-,65,55,95,65,95,35
テッポウオ,0,テッポウオ,みず,-,35,65,35,65,35,65
オクタン,0,オクタン,みず,-,75,105,75,105,75,45
デリバード,0,デリバード,こおり,ひこう,45,55,45,65,45,75
マンタイン,0,マンタイン,みず,ひこう,85,40,70,80,140,70
エアームド,0,エアームド,はがね,ひこう,65,80,140,40,70,70
デルビル,0,デルビル,あく,ほのお,45,60,30,80,50,65
ヘルガー,0,ヘルガー,あく,ほのお,75,90,50,110,80,95
キングドラ,0,キングドラ,みず,ドラゴン,75,95,95,95,95,85
ゴマゾウ,0,ゴマゾウ,じめん,-,90,60,60,40,40,40
ドンファン,0,ドンファン,じめん,-,90,120,120,60,60,50
ポリゴン２,0,ポリゴン２,ノーマル,-,85,80,90,105,95,60
オドシシ,0,オドシシ,ノーマル,-,73,95,62,85,65,85
ドーブル,0,ドーブル,ノーマル,-,55,20,35,20,45,75
バルキー,0,バルキー,かくとう,-,35,35,35,35,35,35
カポエラー,0,カポエラー,かくとう,-,50,95,95,35,110,70
ムチュール,0,ムチュール,こおり,エスパー,45,30,15,85,65,65
エレキッド,0,エレキッド,でんき,-,45,63,37,65,55,95
ブビィ,0,ブビィ,ほのお,-,45,75,37,70,55,83
ミルタンク,0,ミルタンク,ノーマル,-,95,80,105,40,70,100
ハピナス,0,ハピナス,ノーマル,-,255,10,10,75,135,55
ライコウ,0,ライコウ,でんき,-,90,85,75,115,100,115
エンテイ,0,エンテイ,ほのお,-,115,115,85,90,75,100
スイクン,0,スイクン,みず,-,100,75,115,90,115,85
ヨーギラス,0,ヨーギラス,いわ,じめん,50,64,50,45,50,41
サナギラス,0,サナギラス,いわ,じめん,70,84,70,65,70,51
バンギラス,0,バンギラス,いわ,あく,100,134,110,95,100,61
ルギア,0,ルギア,エスパー,ひこう,106,90,130,90,154,110
ホウオウ,0,ホウオウ,ほのお,ひこう,106,130,90,110,154,90
セレビィ,0,セレビィ,エスパー,くさ,100,100,100,100,100,100
キモリ,0,キモリ,くさ,-,40,45,35,65,55,70
ジュプトル,0,ジュプトル,くさ,-,50,65,45,85,65,95
ジュカイン,0,ジュカイン,くさ,-,70,85,65,105,85,120
アチャモ,0,アチャモ,ほのお,-,45,60,40,70,50,45
ワカシャモ,0,ワカシャモ,ほのお,かくとう,60,85,60,85,60,55
バシャーモ,0,バシャーモ,ほのお,かくとう,80,120,70,110,70,80
ミズゴロウ,0,ミズゴロウ,みず,-,50,70,50,50,50,40
ヌマクロー,0,ヌマクロー,みず,じめん,70,85,70,60,70,50
ラグラージ,0,ラグラージ,みず,じめん,100,110,90,85,90,60
ポチエナ,0,ポチエナ,あく,-,35,55,35,30,30,35
グラエナ,0,グラエナ,あく,-,70,90,70,60,60,70
ジグザグマ,0,ジグザグマ,ノーマル,-,38,30,41,30,41,60
ジグザグマ,1,ジグザグマ(ガラル),ノーマル,あく,38,30,41,30,41,60
マッスグマ,0,マッスグマ,ノーマル,-,78,70,61,50,61,100
マッスグマ,1,マッスグマ(ガラル),ノーマル,あく,78,70,61,50,61,100
ケムッソ,0,ケムッソ,むし,-,45,45,35,20,30,20
カラサリス,0,カラサリス,むし,-,50,35,55,25,25,15
アゲハント,0,アゲハント,むし,ひこう,60,70,50,100,50,65
マユルド,0,マユルド,むし,-,50,35,55,25,25,15
ドクケイル,0,ドクケイル,むし,どく,60,50,70,50,90,65
ハスボー,0,ハスボー,みず,くさ,40,30,30,40,50,30
ハスブレロ,0,ハスブレロ,みず,くさ,60,50,50,60,70,50
ルンパッパ,0,ルンパッパ,みず,くさ,80,70,70,90,100,70
タネボー,0,タネボー,くさ,-,40,40,50,30,30,30
コノハナ,0,コノハナ,くさ,あく,70,70,40,60,40,60
ダーテング,0,ダーテング,くさ,あく,90,100,60,90,60,80
スバメ,0,スバメ,ノーマル,ひこう,40,55,30,30,30,85
オオスバメ,0,オオスバメ,ノーマル,ひこう,60,85,60,75,50,125
キャモメ,0,キャモメ,みず,ひこう,40,30,30,55,30,85
ペリッパー,0,ペリッパー,みず,ひこう,60,50,100,95,70,65
ラルトス,0,ラルトス,エスパー,フェアリー,28,25,25,45,35,40
キルリア,0,キルリア,エスパー,フェアリー,38,35,35,65,55,50
サーナイト,0,サーナイト,エスパー,フェアリー,68,65,65,125,115,80
アメタマ,0,アメタマ,むし,みず,40,30,32,50,52,65
アメモース,0,アメモース,むし,ひこう,70,60,62,100,82,80
キノココ,0,キノココ,くさ,-,60,40,60,40,60,35
キノガッサ,0,キノガッサ,くさ,かくとう,60,130,80,60,60,70
ナマケロ,0,ナマケロ,ノーマル,-,60,60,60,35,35,30
ヤルキモノ,0,ヤルキモノ,ノーマル,-,80,80,80,55,55,90
ケッキング,0,ケッキング,ノーマル,-,150,160,100,95,65,100
ツチニン,0,ツチニン,むし,じめん,31,45,90,30,30,40
テッカニン,0,テッカニン,むし,ひこう,61,90,45,50,50,160
ヌケニン,0,ヌケニン,むし,ゴースト,1,90,45,30,30,40
ゴニョニョ,0,ゴニョニョ,ノーマル,-,64,51,23,51,23,28
ドゴーム,0,ドゴーム,ノーマル,-,84,71,43,71,43,48
バクオング,0,バクオング,ノーマル,-,104,91,63,91,73,68
マクノシタ,0,マクノシタ,かくとう,-,72,60,30,20,30,25
ハリテヤマ,0,ハリテヤマ,かくとう,-,144,120,60,40,60,50
ルリリ,0,ルリリ,ノーマル,フェアリー,50,20,40,20,40,20
ノズパス,0,ノズパス,いわ,-,30,45,135,45,90,30
エネコ,0,エネコ,ノーマル,-,50,45,45,35,35,50
エネコロロ,0,エネコロロ,ノーマル,-,70,65,65,55,55,90
ヤミラミ,0,ヤミラミ,あく,ゴースト,50,75,75,65,65,50
クチート,0,クチート,はがね,フェアリー,50,85,85,55,55,50
ココドラ,0,ココドラ,はがね,いわ,50,70,100,40,40,30
コドラ,0,コドラ,はがね,いわ,60,90,140,50,50,40
ボスゴドラ,0,ボスゴドラ,はがね,いわ,70,110,180,60,60,50
アサナン,0,アサナン,かくとう,エスパー,30,40,55,40,55,60
チャーレム,0,チャーレム,かくとう,エスパー,60,60,75,60,75,80
ラクライ,0,ラクライ,でんき,-,40,45,40,65,40,65
ライボルト,0,ライボルト,でんき,-,70,75,60,105,60,105
プラスル,0,プラスル,でんき,-,60,50,40,85,75,95
マイナン,0,マイナン,でんき,-,60,40,50,75,85,95
バルビート,0,バルビート,むし,-,65,73,75,47,85,85
イルミーゼ,0,イルミーゼ,むし,-,65,47,75,73,85,85
ロゼリア,0,ロゼリア,くさ,どく,50,60,45,100,80,65
ゴクリン,0,ゴクリン,どく,-,70,43,53,43,53,40
マルノーム,0,マルノーム,どく,-,100,73,83,73,83,55
キバニア,0,キバニア,みず,あく,45,90,20,65,20,65
サメハダー,0,サメハダー,みず,あく,70,120,40,95,40,95
ホエルコ,0,ホエルコ,みず,-,130,70,35,70,35,60
ホエルオー,0,ホエルオー,みず,-,170,90,45,90,45,60
ドンメル,0,ドンメル,ほのお,じめん,60,60,40,65,45,35
バクーダ,0,バクーダ,ほのお,じめん,70,100,70,105,75,40
コータス,0,コータス,ほのお,-,70,85,140,85,70,20
バネブー,0,バネブー,エスパー,-,60,25,35,70,80,60
ブーピッグ,0,ブーピッグ,エスパー,-,80,45,65,90,110,80
パッチール,0,パッチール,ノーマル,-,60,60,60,60,60,60
ナックラー,0,ナックラー,じめん,-,45,100,45,45,45,10
ビブラーバ,0,ビブラーバ,じめん,ドラゴン,50,70,50,50,50,70
フライゴン,0,フライゴン,じめん,ドラゴン,80,100,80,80,80,100
サボネア,0,サボネア,くさ,-,50,85,40,85,40,35
ノクタス,0,ノクタス,くさ,あく,70,115,60,115,60,55
チルット,0,チルット,ノーマル,ひこう,45,40,60,40,75,50
チルタリス,0,チルタリス,ドラゴン,ひこう,75,70,90,70,105,80
ザングース,0,ザングース,ノーマル,-,73,115,60,60,60,90
ハブネーク,0,ハブネーク,どく,-,73,100,60,100,60,65
ルナトーン,0,ルナトーン,いわ,エスパー,90,55,65,95,85,70
ソルロック,0,ソルロック,いわ,エスパー,90,95,85,55,65,70
ドジョッチ,0,ドジョッチ,みず,じめん,50,48,43,46,41,60
ナマズン,0,ナマズン,みず,じめん,110,78,73,76,71,60
ヘイガニ,0,ヘイガニ,みず,-,43,80,65,50,35,35
シザリガー,0,シザリガー,みず,あく,63,120,85,90,55,55
ヤジロン,0,ヤジロン,じめん,エスパー,40,40,55,40,70,55
ネンドール,0,ネンドール,じめん,エスパー,60,70,105,70,120,75
リリーラ,0,リリーラ,いわ,くさ,66,41,77,61,87,23
ユレイドル,0,ユレイドル,いわ,くさ,86,81,97,81,107,43
アノプス,0,アノプス,いわ,むし,45,95,50,40,50,75
アーマルド,0,アーマルド,いわ,むし,75,125,100,70,80,45
ヒンバス,0,ヒンバス,みず,-,20,15,20,10,55,80
ミロカロス,0,ミロカロス,みず,-,95,60,79,100,125,81
ポワルン,0,ポワルン,ノーマル,-,70,70,70,70,70,70
カクレオン,0,カクレオン,ノーマル,-,60,90,70,60,120,40
カゲボウズ,0,カゲボウズ,ゴースト,-,44,75,35,63,33,45
ジュペッタ,0,ジュペッタ,ゴースト,-,64,115,65,83,63,65
ヨマワル,0,ヨマワル,ゴースト,-,20,40,90,30,90,25
サマヨール,0,サマヨール,ゴースト,-,40,70,130,60,130,25
トロピウス,0,トロピウス,くさ,ひこう,99,68,83,72,87,51
チリーン,0,チリーン,エスパー,-,75,50,80,95,90,65
アブソル,0,アブソル,あく,-,65,130,60,75,60,75
ソーナノ,0,ソーナノ,エスパー,-,95,23,48,23,48,23
ユキワラシ,0,ユキワラシ,こおり,-,50,50,50,50,50,50
オニゴーリ,0,オニゴーリ,こおり,-,80,80,80,80,80,80
タマザラシ,0,タマザラシ,こおり,みず,70,40,50,55,50,25
トドグラー,0,トドグラー,こおり,みず,90,60,70,75,70,45
トドゼルガ,0,トドゼルガ,こおり,みず,110,80,90,95,90,65
パールル,0,パールル,みず,-,35,64,85,74,55,32
ハンテール,0,ハンテール,みず,-,55,104,105,94,75,52
サクラビス,0,サクラビス,みず,-,55,84,105,114,75,52
ジーランス,0,ジーランス,みず,いわ,100,90,130,45,65,55
ラブカス,0,ラブカス,みず,-,43,30,55,40,65,97
タツベイ,0,タツベイ,ドラゴン,-,45,75,60,40,30,50
コモルー,0,コモルー,ドラゴン,-,65,95,100,60,50,50
ボーマンダ,0,ボーマンダ,ドラゴン,ひこう,95,135,80,110,80,100
ダンバル,0,ダンバル,はがね,エスパー,40,55,80,35,60,30
メタング,0,メタング,はがね,エスパー,60,75,100,55,80,50
メタグロス,0,メタグロス,はがね,エスパー,80,135,130,95,90,70
レジロック,0,レジロック,いわ,-,80,100,200,50,100,50
レジアイス,0,レジアイス,こおり,-,80,50,100,100,200,50
レジスチル,0,レジスチル,はがね,-,80,75,150,75,150,50
ラティアス,0,ラティアス,ドラゴン,エスパー,80,80,90,110,130,110
ラティオス,0,ラティオス,ドラゴン,エスパー,80,90,80,130,110,110
カイオーガ,0,カイオーガ,みず,-,100,100,90,150,140,90
グラードン,0,グラードン,じめん,-,100,150,140,100,90,90
レックウザ,0,レックウザ,ドラゴン,ひこう,105,150,90,150,90,95
ジラーチ,0,ジラーチ,はがね,エスパー,100,100,100,100,100,100
デオキシス,0,デオキシス,エスパー,-,50,150,50,150,50,150
ナエトル,0,ナエトル,くさ,-,55,68,64,45,55,31
ハヤシガメ,0,ハヤシガメ,くさ,-,75,89,85,55,65,36
ドダイトス,0,ドダイトス,くさ,じめん,95,109,105,75,85,56
ヒコザル,0,ヒコザル,ほのお,-,44,58,44,58,44,61
モウカザル,0,モウカザル,ほのお,かくとう,64,78,52,78,52,81
ゴウカザル,0,ゴウカザル,ほのお,かくとう,76,104,71,104,71,108
ポッチャマ,0,ポッチャマ,みず,-,53,51,53,61,56,40
ポッタイシ,0,ポッタイシ,みず,-,64,66,68,81,76,50
エンペルト,0,エンペルト,みず,はがね,84,86,88,111,101,60
ムックル,0,ムックル,ノーマル,ひこう,40,55,30,30,30,60
ムクバード,0,ムクバード,ノーマル,ひこう,55,75,50,40,40,80
ムクホーク,0,ムクホーク,ノーマル,ひこう,85,120,70,50,60,100
ビッパ,0,ビッパ,ノーマル,-,59,45,40,35,40,31
ビーダル,0,ビーダル,ノーマル,みず,79,85,60,55,60,71
コロボーシ,0,コロボーシ,むし,-,37,25,41,25,41,25
コロトック,0,コロトック,むし,-,77,85,51,55,51,65
コリンク,0,コリンク,でんき,-,45,65,34,40,34,45
ルクシオ,0,ルクシオ,でんき,-,60,85,49,60,49,60
レントラー,0,レントラー,でんき,-,80,120,79,95,79,70
スボミー,0,スボミー,くさ,どく,40,30,35,50,70,55
ロズレイド,0,ロズレイド,くさ,どく,60,70,65,125,105,90
ズガイドス,0,ズガイドス,いわ,-,67,125,40,30,30,58
ラムパルド,0,ラムパルド,いわ,-,97,165,60,65,50,58
タテトプス,0,タテトプス,いわ,はがね,30,42,118,42,88,30
トリデプス,0,トリデプス,いわ,はがね,60,52,168,47,138,30
ミノムッチ,0,ミノムッチ,むし,-,40,29,45,29,45,36
ミノマダム,0,ミノマダム,むし,くさ,60,59,85,79,105,36
ガーメイル,0,ガーメイル,むし,ひこう,70,94,50,94,50,66
ミツハニー,0,ミツハニー,むし,ひこう,30,30,42,30,42,70
ビークイン,0,ビークイン,むし,ひこう,70,80,102,80,102,40
パチリス,0,パチリス,でんき,-,60,45,70,45,90,95
ブイゼル,0,ブイゼル,みず,-,55,65,35,60,30,85
フローゼル,0,フローゼル,みず,-,85,105,55,85,50,115
チェリンボ,0,チェリンボ,くさ,-,45,35,45,62,53,35
チェリム,0,チェリム,くさ,-,70,60,70,87,78,85
カラナクシ,0,カラナクシ,みず,-,76,48,48,57,62,34
トリトドン,0,トリトドン,みず,じめん,111,83,68,92,82,39
エテボース,0,エテボース,ノーマル,-,75,100,66,60,66,115
フワンテ,0,フワンテ,ゴースト,ひこう,90,50,34,60,44,70
フワライド,0,フワライド,ゴースト,ひこう,150,80,44,90,54,80
ミミロル,0,ミミロル,ノーマル,-,55,66,44,44,56,85
ミミロップ,0,ミミロップ,ノーマル,-,65,76,84,54,96,105
ムウマージ,0,ムウマージ,ゴースト,-,60,60,60,105,105,105
ドンカラス,0,ドンカラス,あく,ひこう,100,125,52,105,52,71
ニャルマー,0,ニャルマー,ノーマル,-,49,55,42,42,37,85
ブニャット,0,ブニャット,ノーマル,-,71,82,64,64,59,112
リーシャン,0,リーシャン,エスパー,-,45,30,50,65,50,45
スカンプー,0,スカンプー,どく,あく,63,63,47,41,41,74
スカタンク,0,スカタンク,どく,あく,103,93,67,71,61,84
ドーミラー,0,ドーミラー,はがね,エスパー,57,24,86,24,86,23
ドータクン,0,ドータクン,はがね,エスパー,67,89,116,79,116,33
ウソハチ,0,ウソハチ,いわ,-,50,80,95,10,45,10
マネネ,0,マネネ,エスパー,フェアリー,20,25,45,70,90,60
ピンプク,0,ピンプク,ノーマル,-,100,5,5,15,65,30
ペラップ,0,ペラップ,ノーマル,ひこう,76,65,45,92,42,91
ミカルゲ,0,ミカルゲ,ゴースト,あく,50,92,108,92,108,35
フカマル,0,フカマル,ドラゴン,じめん,58,70,45,40,45,42
ガバイト,0,ガバイト,ドラゴン,じめん,68,90,65,50,55,82
ガブリアス,0,ガブリアス,ドラゴン,じめん,108,130,95,80,85,102
ゴンベ,0,ゴンベ,ノーマル,-,135,85,40,40,85,5
リオル,0,リオル,かくとう,-,40,70,40,35,40,60
ルカリオ,0,ルカリオ,かくとう,はがね,70,110,70,115,70,90
ヒポポタス,0,ヒポポタス,じめん,-,68,72,78,38,42,32
カバルドン,0,カバルドン,じめん,-,108,112,118,68,72,47
スコルピ,0,スコルピ,どく,むし,40,50,90,30,55,65
ドラピオン,0,ドラピオン,どく,あく,70,90,110,60,75,95
グレッグル,0,グレッグル,どく,かくとう,48,61,40,61,40,50
ドクロッグ,0,ドクロッグ,どく,かくとう,83,106,65,86,65,85
マスキッパ,0,マスキッパ,くさ,-,74,100,72,90,72,46
ケイコウオ,0,ケイコウオ,みず,-,49,49,56,49,61,66
ネオラント,0,ネオラント,みず,-,69,69,76,69,86,91
タマンタ,0,タマンタ,みず,ひこう,45,20,50,60,120,50
ユキカブリ,0,ユキカブリ,くさ,こおり,60,62,50,62,60,40
ユキノオー,0,ユキノオー,くさ,こおり,90,92,75,92,85,60
マニューラ,0,マニューラ,あく,こおり,70,120,65,45,85,125
ジバコイル,0,ジバコイル,でんき,はがね,70,70,115,130,90,60
ベロベルト,0,ベロベルト,ノーマル,-,110,85,95,80,95,50
ドサイドン,0,ドサイドン,じめん,いわ,115,140,130,55,55,40
モジャンボ,0,モジャンボ,くさ,-,100,100,125,110,50,50
エレキブル,0,エレキブル,でんき,-,75,123,67,95,85,95
ブーバーン,0,ブーバーン,ほのお,-,75,95,67,125,95,83
トゲキッス,0,トゲキッス,フェアリー,ひこう,85,50,95,120,115,80
メガヤンマ,0,メガヤンマ,むし,ひこう,86,76,86,116,56,95
リーフィア,0,リーフィア,くさ,-,65,110,130,60,65,95
グレイシア,0,グレイシア,こおり,-,65,60,110,130,95,65
グライオン,0,グライオン,じめん,ひこう,75,95,125,45,75,95
マンムー,0,マンムー,こおり,じめん,110,130,80,70,60,80
ポリゴンＺ,0,ポリゴンＺ,ノーマル,-,85,80,70,135,75,90
エルレイド,0,エルレイド,エスパー,かくとう,68,125,65,65,115,80
ダイノーズ,0,ダイノーズ,いわ,はがね,60,55,145,75,150,40
ヨノワール,0,ヨノワール,ゴースト,-,45,100,135,65,135,45
ユキメノコ,0,ユキメノコ,こおり,ゴースト,70,80,70,80,70,110
ロトム,0,ロトム,でんき,ゴースト,50,50,77,95,77,91
ロトム,1,ロトム(ヒート),でんき,ゴースト,50,65,107,105,107,86
ロトム,2,ロトム(ウォッシュ),でんき,ゴースト,50,65,107,105,107,86
ロトム,3,ロトム(フロスト),でんき,ゴースト,50,65,107,105,107,86
ロトム,4,ロトム(スピン),でんき,ゴースト,50,65,107,105,107,86
ロトム,5,ロトム(カット),でんき,ゴースト,50,65,107,105,107,86
ユクシー,0,ユクシー,エスパー,-,75,75,130,75,130,95
エムリット,0,エムリット,エスパー,-,80,105,105,105,105,80
アグノム,0,アグノム,エスパー,-,75,125,70,125,70,115
ディアルガ,0,ディアルガ,はがね,ドラゴン,100,120,120,150,100,90
パルキア,0,パルキア,みず,ドラゴン,90,120,100,150,120,100
ヒードラン,0,ヒードラン,ほのお,はがね,91,90,106,130,106,77
レジギガス,0,レジギガス,ノーマル,-,110,160,110,80,110,100
ギラティナ,0,ギラティナ(アナザー),ゴースト,ドラゴン,150,100,120,100,120,90
ギラティナ,1,ギラティナ(オリジン),ゴースト,ドラゴン,150,120,100,120,100,90
クレセリア,0,クレセリア,エスパー,-,120,70,120,75,130,85
フィオネ,0,フィオネ,みず,-,80,80,80,80,80,80
マナフィ,0,マナフィ,みず,-,100,100,100,100,100,100
ダークライ,0,ダークライ,あく,-,70,90,90,135,90,125
シェイミ,0,シェイミ,くさ,-,100,100,100,100,100,100
アルセウス,0,アルセウス,ノーマル,-,120,120,120,120,120,120
ビクティニ,0,ビクティニ,エスパー,ほのお,100,100,100,100,100,100
ツタージャ,0,ツタージャ,くさ,-,45,45,55,45,55,63
ジャノビー,0,ジャノビー,くさ,-,60,60,75,60,75,83
ジャローダ,0,ジャローダ,くさ,-,75,75,95,75,95,113
ポカブ,0,ポカブ,ほのお,-,65,63,45,45,45,45
チャオブー,0,チャオブー,ほのお,かくとう,90,93,55,70,55,55
エンブオー,0,エンブオー,ほのお,かくとう,110,123,65,100,65,65
ミジュマル,0,ミジュマル,みず,-,55,55,45,63,45,45
フタチマル,0,フタチマル,みず,-,75,75,60,83,60,60
ダイケンキ,0,ダイケンキ,みず,-,95,100,85,108,70,70
ミネズミ,0,ミネズミ,ノーマル,-,45,55,39,35,39,42
ミルホッグ,0,ミルホッグ,ノーマル,-,60,85,69,60,69,77
ヨーテリー,0,ヨーテリー,ノーマル,-,45,60,45,25,45,55
ハーデリア,0,ハーデリア,ノーマル,-,65,80,65,35,65,60
ムーランド,0,ムーランド,ノーマル,-,85,110,90,45,90,80
チョロネコ,0,チョロネコ,あく,-,41,50,37,50,37,66
レパルダス,0,レパルダス,あく,-,64,88,50,88,50,106
ヤナップ,0,ヤナップ,くさ,-,50,53,48,53,48,64
ヤナッキー,0,ヤナッキー,くさ,-,75,98,63,98,63,101
バオップ,0,バオップ,ほのお,-,50,53,48,53,48,64
バオッキー,0,バオッキー,ほのお,-,75,98,63,98,63,101
ヒヤップ,0,ヒヤップ,みず,-,50,53,48,53,48,64
ヒヤッキー,0,ヒヤッキー,みず,-,75,98,63,98,63,101
ムンナ,0,ムンナ,エスパー,-,76,25,45,67,55,24
ムシャーナ,0,ムシャーナ,エスパー,-,116,55,85,107,95,29
マメパト,0,マメパト,ノーマル,ひこう,50,55,50,36,30,43
ハトーボー,0,ハトーボー,ノーマル,ひこう,62,77,62,50,42,65
ケンホロウ,0,ケンホロウ,ノーマル,ひこう,80,115,80,65,55,93
シママ,0,シママ,でんき,-,45,60,32,50,32,76
ゼブライカ,0,ゼブライカ,でんき,-,75,100,63,80,63,116
ダンゴロ,0,ダンゴロ,いわ,-,55,75,85,25,25,15
ガントル,0,ガントル,いわ,-,70,105,105,50,40,20
ギガイアス,0,ギガイアス,いわ,-,85,135,130,60,80,25
コロモリ,0,コロモリ,エスパー,ひこう,65,45,43,55,43,72
ココロモリ,0,ココロモリ,エスパー,ひこう,67,57,55,77,55,114
モグリュー,0,モグリュー,じめん,-,60,85,40,30,45,68
ドリュウズ,0,ドリュウズ,じめん,はがね,110,135,60,50,65,88
タブンネ,0,タブンネ,ノーマル,-,103,60,86,60,86,50
ドッコラー,0,ドッコラー,かくとう,-,75,80,55,25,35,35
ドテッコツ,0,ドテッコツ,かくとう,-,85,105,85,40,50,40
ローブシン,0,ローブシン,かくとう,-,105,140,95,55,65,45
オタマロ,0,オタマロ,みず,-,50,50,40,50,40,64
ガマガル,0,ガマガル,みず,じめん,75,65,55,65,55,69
ガマゲロゲ,0,ガマゲロゲ,みず,じめん,105,95,75,85,75,74
ナゲキ,0,ナゲキ,かくとう,-,120,100,85,30,85,45
ダゲキ,0,ダゲキ,かくとう,-,75,125,75,30,75,85
クルミル,0,クルミル,むし,くさ,45,53,70,40,60,42
クルマユ,0,クルマユ,むし,くさ,55,63,90,50,80,42
ハハコモリ,0,ハハコモリ,むし,くさ,75,103,80,70,80,92
フシデ,0,フシデ,むし,どく,30,45,59,30,39,57
ホイーガ,0,ホイーガ,むし,どく,40,55,99,40,79,47
ペンドラー,0,ペンドラー,むし,どく,60,100,89,55,69,112
モンメン,0,モンメン,くさ,フェアリー,40,27,60,37,50,66
エルフーン,0,エルフーン,くさ,フェアリー,60,67,85,77,75,116
チュリネ,0,チュリネ,くさ,-,45,35,50,70,50,30
ドレディア,0,ドレディア,くさ,-,70,60,75,110,75,90
バスラオ,0,バスラオ(あか),みず,-,70,92,65,80,55,98
バスラオ,1,バスラオ(あお),みず,-,70,92,65,80,55,98
メグロコ,0,メグロコ,じめん,あく,50,72,35,35,35,65
ワルビル,0,ワルビル,じめん,あく,60,82,45,45,45,74
ワルビアル,0,ワルビアル,じめん,あく,95,117,80,65,70,92
ダルマッカ,0,ダルマッカ,ほのお,-,70,90,45,15,45,50
ダルマッカ,1,ダルマッカ(アローラ),こおり,-,70,90,45,15,45,50
ヒヒダルマ,0,ヒヒダルマ,ほのお,-,105,140,55,30,55,95
ヒヒダルマ,2,ヒヒダルマ(アローラ),こおり,-,105,140,55,30,55,95
マラカッチ,0,マラカッチ,くさ,-,75,86,67,106,67,60
イシズマイ,0,イシズマイ,むし,いわ,50,65,85,35,35,55
イワパレス,0,イワパレス,むし,いわ,70,105,125,65,75,45
ズルッグ,0,ズルッグ,あく,かくとう,50,75,70,35,70,48
ズルズキン,0,ズルズキン,あく,かくとう,65,90,115,45,115,58
シンボラー,0,シンボラー,エスパー,ひこう,72,58,80,103,80,97
デスマス,0,デスマス,ゴースト,-,38,30,85,55,65,30
デスマス,1,デスマス,ゴースト,じめん,38,30,85,55,65,30
デスカーン,0,デスカーン,ゴースト,-,58,50,145,95,105,30
プロトーガ,0,プロトーガ,みず,いわ,54,78,103,53,45,22
アバゴーラ,0,アバゴーラ,みず,いわ,74,108,133,83,65,32
アーケン,0,アーケン,いわ,ひこう,55,112,45,74,45,70
アーケオス,0,アーケオス,いわ,ひこう,75,140,65,112,65,110
ヤブクロン,0,ヤブクロン,どく,-,50,50,62,40,62,65
ダストダス,0,ダストダス,どく,-,80,95,82,60,82,75
ゾロア,0,ゾロア,あく,-,40,65,40,80,40,65
ゾロアーク,0,ゾロアーク,あく,-,60,105,60,120,60,105
チラーミィ,0,チラーミィ,ノーマル,-,55,50,40,40,40,75
チラチーノ,0,チラチーノ,ノーマル,-,75,95,60,65,60,115
ゴチム,0,ゴチム,エスパー,-,45,30,50,55,65,45
ゴチミル,0,ゴチミル,エスパー,-,60,45,70,75,85,55
ゴチルゼル,0,ゴチルゼル,エスパー,-,70,55,95,95,110,65
ユニラン,0,ユニラン,エスパー,-,45,30,40,105,50,20
ダブラン,0,ダブラン,エスパー,-,65,40,50,125,60,30
ランクルス,0,ランクルス,エスパー,-,110,65,75,125,85,30
コアルヒー,0,コアルヒー,みず,ひこう,62,44,50,44,50,55
スワンナ,0,スワンナ,みず,ひこう,75,87,63,87,63,98
バニプッチ,0,バニプッチ,こおり,-,36,50,50,65,60,44
バニリッチ,0,バニリッチ,こおり,-,51,65,65,80,75,59
バイバニラ,0,バイバニラ,こおり,-,71,95,85,110,95,79
シキジカ,0,シキジカ,ノーマル,くさ,60,60,50,40,50,75
メブキジカ,0,メブキジカ,ノーマル,くさ,80,100,70,60,70,95
エモンガ,0,エモンガ,でんき,ひこう,55,75,60,75,60,103
カブルモ,0,カブルモ,むし,-,50,75,45,40,45,60
シュバルゴ,0,シュバルゴ,むし,はがね,70,135,105,60,105,20
タマゲタケ,0,タマゲタケ,くさ,どく,69,55,45,55,55,15
モロバレル,0,モロバレル,くさ,どく,114,85,70,85,80,30
プルリル,0,プルリル,みず,ゴースト,55,40,50,65,85,40
ブルンゲル,0,ブルンゲル,みず,ゴースト,100,60,70,85,105,60
ママンボウ,0,ママンボウ,みず,-,165,75,80,40,45,65
バチュル,0,バチュル,むし,でんき,50,47,50,57,50,65
デンチュラ,0,デンチュラ,むし,でんき,70,77,60,97,60,108
テッシード,0,テッシード,くさ,はがね,44,50,91,24,86,10
ナットレイ,0,ナットレイ,くさ,はがね,74,94,131,54,116,20
ギアル,0,ギアル,はがね,-,40,55,70,45,60,30
ギギアル,0,ギギアル,はがね,-,60,80,95,70,85,50
ギギギアル,0,ギギギアル,はがね,-,60,100,115,70,85,90
シビシラス,0,シビシラス,でんき,-,35,55,40,45,40,60
シビビール,0,シビビール,でんき,-,65,85,70,75,70,40
シビルドン,0,シビルドン,でんき,-,85,115,80,105,80,50
リグレー,0,リグレー,エスパー,-,55,55,55,85,55,30
オーベム,0,オーベム,エスパー,-,75,75,75,125,95,40
ヒトモシ,0,ヒトモシ,ゴースト,ほのお,50,30,55,65,55,20
ランプラー,0,ランプラー,ゴースト,ほのお,60,40,60,95,60,55
シャンデラ,0,シャンデラ,ゴースト,ほのお,60,55,90,145,90,80
キバゴ,0,キバゴ,ドラゴン,-,46,87,60,30,40,57
オノンド,0,オノンド,ドラゴン,-,66,117,70,40,50,67
オノノクス,0,オノノクス,ドラゴン,-,76,147,90,60,70,97
クマシュン,0,クマシュン,こおり,-,55,70,40,60,40,40
ツンベアー,0,ツンベアー,こおり,-,95,130,80,70,80,50
フリージオ,0,フリージオ,こおり,-,80,50,50,95,135,105
チョボマキ,0,チョボマキ,むし,-,50,40,85,40,65,25
アギルダー,0,アギルダー,むし,-,80,70,40,100,60,145
マッギョ,0,マッギョ,じめん,でんき,109,66,84,81,99,32
マッギョ,1,マッギョ(ガラル),じめん,はがね,109,66,84,81,99,32
コジョフー,0,コジョフー,かくとう,-,45,85,50,55,50,65
コジョンド,0,コジョンド,かくとう,-,65,125,60,95,60,105
クリムガン,0,クリムガン,ドラゴン,-,77,120,90,60,90,48
ゴビット,0,ゴビット,じめん,ゴースト,59,74,50,35,50,35
ゴルーグ,0,ゴルーグ,じめん,ゴースト,89,124,80,55,80,55
コマタナ,0,コマタナ,あく,はがね,45,85,70,40,40,60
キリキザン,0,キリキザン,あく,はがね,65,125,100,60,70,70
バッフロン,0,バッフロン,ノーマル,-,95,110,95,40,95,55
ワシボン,0,ワシボン,ノーマル,ひこう,70,83,50,37,50,60
ウォーグル,0,ウォーグル,ノーマル,ひこう,100,123,75,57,75,80
バルチャイ,0,バルチャイ,あく,ひこう,70,55,75,45,65,60
バルジーナ,0,バルジーナ,あく,ひこう,110,65,105,55,95,80
クイタラン,0,クイタラン,ほのお,-,85,97,66,105,66,65
アイアント,0,アイアント,むし,はがね,58,109,112,48,48,109
モノズ,0,モノズ,あく,ドラゴン,52,65,50,45,50,38
ジヘッド,0,ジヘッド,あく,ドラゴン,72,85,70,65,70,58
サザンドラ,0,サザンドラ,あく,ドラゴン,92,105,90,125,90,98
メラルバ,0,メラルバ,むし,ほのお,55,85,55,50,55,60
ウルガモス,0,ウルガモス,むし,ほのお,85,60,65,135,105,100
コバルオン,0,コバルオン,はがね,かくとう,91,90,129,90,72,108
テラキオン,0,テラキオン,いわ,かくとう,91,129,90,72,90,108
ビリジオン,0,ビリジオン,くさ,かくとう,91,90,72,90,129,108
トルネロス,0,トルネロス(けしん),ひこう,-,79,115,70,125,80,111
トルネロス,1,トルネロス(れいじゅう),ひこう,-,79,115,70,125,80,111
ボルトロス,0,ボルトロス(けしん),でんき,ひこう,79,115,70,125,80,111
ボルトロス,1,ボルトロス(れいじゅう),でんき,ひこう,79,115,70,125,80,111
レシラム,0,レシラム,ドラゴン,ほのお,100,120,100,150,120,90
ゼクロム,0,ゼクロム,ドラゴン,でんき,100,150,120,120,100,90
ランドロス,0,ランドロス(けしん),じめん,ひこう,89,125,90,115,80,101
ランドロス,1,ランドロス(れいじゅう),じめん,ひこう,89,125,90,115,80,101
キュレム,0,キュレム,ドラゴン,こおり,125,130,90,130,90,95
キュレム,1,キュレム(ホワイト),ドラゴン,こおり,125,130,90,130,90,95
キュレム,2,キュレム(ブラック),ドラゴン,こおり,125,130,90,130,90,95
ケルディオ,0,ケルディオ,みず,かくとう,91,72,90,129,90,108
メロエッタ,0,メロエッタ,ノーマル,エスパー,100,77,77,128,128,90
ゲノセクト,0,ゲノセクト,むし,はがね,71,120,95,120,95,99
ハリマロン,0,ハリマロン,くさ,-,56,61,65,48,45,38
ハリボーグ,0,ハリボーグ,くさ,-,61,78,95,56,58,57
ブリガロン,0,ブリガロン,くさ,かくとう,88,107,122,74,75,64
フォッコ,0,フォッコ,ほのお,-,40,45,40,62,60,60
テールナー,0,テールナー,ほのお,-,59,59,58,90,70,73
マフォクシー,0,マフォクシー,ほのお,エスパー,75,69,72,114,100,104
ケロマツ,0,ケロマツ,みず,-,41,56,40,62,44,71
ゲコガシラ,0,ゲコガシラ,みず,-,54,63,52,83,56,97
ゲッコウガ,0,ゲッコウガ,みず,あく,72,95,67,103,71,122
ホルビー,0,ホルビー,ノーマル,-,38,36,38,32,36,57
ホルード,0,ホルード,ノーマル,じめん,85,56,77,50,77,78
ヤヤコマ,0,ヤヤコマ,ノーマル,ひこう,45,50,43,40,38,62
ヒノヤコマ,0,ヒノヤコマ,ほのお,ひこう,62,73,55,56,52,84
ファイアロー,0,ファイアロー,ほのお,ひこう,78,81,71,74,69,126
コフキムシ,0,コフキムシ,むし,-,38,35,40,27,25,35
コフーライ,0,コフーライ,むし,-,45,22,60,27,30,29
ビビヨン,0,ビビヨン,むし,ひこう,80,52,50,90,50,89
シシコ,0,シシコ,ほのお,ノーマル,62,50,58,73,54,72
カエンジシ,0,カエンジシ,ほのお,ノーマル,86,68,72,109,66,106
フラベベ,0,フラベベ,フェアリー,-,44,38,39,61,79,42
フラエッテ,0,フラエッテ,フェアリー,-,54,45,47,75,98,52
フラージェス,0,フラージェス,フェアリー,-,78,65,68,112,154,75
メェークル,0,メェークル,くさ,-,66,65,48,62,57,52
ゴーゴート,0,ゴーゴート,くさ,-,123,100,62,97,81,68
ヤンチャム,0,ヤンチャム,かくとう,-,67,82,62,46,48,43
ゴロンダ,0,ゴロンダ,かくとう,あく,95,124,78,69,71,58
トリミアン,0,トリミアン,ノーマル,-,75,80,60,65,90,102
ニャスパー,0,ニャスパー,エスパー,-,62,48,54,63,60,68
ニャオニクス,0,ニャオニクス(♂),エスパー,-,74,48,76,83,81,104
ニャオニクス,1,ニャオニクス(♀),エスパー,-,74,48,76,83,81,104
ヒトツキ,0,ヒトツキ,はがね,ゴースト,45,80,100,35,37,28
ニダンギル,0,ニダンギル,はがね,ゴースト,59,110,150,45,49,35
ギルガルド,0,ギルガルド,はがね,ゴースト,60,50,140,50,140,60
シュシュプ,0,シュシュプ,フェアリー,-,78,52,60,63,65,23
フレフワン,0,フレフワン,フェアリー,-,101,72,72,99,89,29
ペロッパフ,0,ペロッパフ,フェアリー,-,62,48,66,59,57,49
ペロリーム,0,ペロリーム,フェアリー,-,82,80,86,85,75,72
マーイーカ,0,マーイーカ,あく,エスパー,53,54,53,37,46,45
カラマネロ,0,カラマネロ,あく,エスパー,86,92,88,68,75,73
カメテテ,0,カメテテ,いわ,みず,42,52,67,39,56,50
ガメノデス,0,ガメノデス,いわ,みず,72,105,115,54,86,68
クズモー,0,クズモー,どく,みず,50,60,60,60,60,30
ドラミドロ,0,ドラミドロ,どく,ドラゴン,65,75,90,97,123,44
ウデッポウ,0,ウデッポウ,みず,-,50,53,62,58,63,44
ブロスター,0,ブロスター,みず,-,71,73,88,120,89,59
エリキテル,0,エリキテル,でんき,ノーマル,44,38,33,61,43,70
エレザード,0,エレザード,でんき,ノーマル,62,55,52,109,94,109
チゴラス,0,チゴラス,いわ,ドラゴン,58,89,77,45,45,48
ガチゴラス,0,ガチゴラス,いわ,ドラゴン,82,121,119,69,59,71
アマルス,0,アマルス,いわ,こおり,77,59,50,67,63,46
アマルルガ,0,アマルルガ,いわ,こおり,123,77,72,99,92,58
ニンフィア,0,ニンフィア,フェアリー,-,95,65,65,110,130,60
ルチャブル,0,ルチャブル,かくとう,ひこう,78,92,75,74,63,118
デデンネ,0,デデンネ,でんき,フェアリー,67,58,57,81,67,101
メレシー,0,メレシー,いわ,フェアリー,50,50,150,50,150,50
ヌメラ,0,ヌメラ,ドラゴン,-,45,50,35,55,75,40
ヌメイル,0,ヌメイル,ドラゴン,-,68,75,53,83,113,60
ヌメルゴン,0,ヌメルゴン,ドラゴン,-,90,100,70,110,150,80
クレッフィ,0,クレッフィ,はがね,フェアリー,57,80,91,80,87,75
ボクレー,0,ボクレー,ゴースト,くさ,43,70,48,50,60,38
オーロット,0,オーロット,ゴースト,くさ,85,110,76,65,82,56
バケッチャ,0,バケッチャ(ふつう),ゴースト,くさ,49,66,70,44,55,51
バケッチャ,1,バケッチャ(ちいさい),ゴースト,くさ,44,66,70,44,55,56
バケッチャ,2,バケッチャ(おおきい),ゴースト,くさ,54,66,70,44,55,46
バケッチャ,3,バケッチャ(とくだい),ゴースト,くさ,59,66,70,44,55,41
パンプジン,0,パンプジン(ふつう),ゴースト,くさ,55,85,122,58,75,99
パンプジン,1,パンプジン(ちいさい),ゴースト,くさ,65,90,122,58,75,84
パンプジン,2,パンプジン(おおきい),ゴースト,くさ,75,95,122,58,75,69
パンプジン,3,パンプジン(とくだい),ゴースト,くさ,85,100,122,58,75,54
カチコール,0,カチコール,こおり,-,55,69,85,32,35,28
クレベース,0,クレベース,こおり,-,95,117,184,44,46,28
オンバット,0,オンバット,ひこう,ドラゴン,40,30,35,45,40,55
オンバーン,0,オンバーン,ひこう,ドラゴン,85,70,80,97,80,123
ゼルネアス,0,ゼルネアス,フェアリー,-,126,131,95,131,98,99
イベルタル,0,イベルタル,あく,ひこう,126,131,95,131,98,99
ジガルデ,0,"ジガルデ(50%,オーラブレイク)",ドラゴン,じめん,108,100,121,81,95,95
ジガルデ,1,"ジガルデ(10%,オーラブレイク)",ドラゴン,じめん,108,100,121,81,95,95
ジガルデ,2,"ジガルデ(50%,スワームチェンジ)",ドラゴン,じめん,108,100,121,81,95,95
ジガルデ,3,"ジガルデ(10%,スワームチェンジ)",ドラゴン,じめん,108,100,121,81,95,95
ディアンシー,0,ディアンシー,いわ,フェアリー,50,100,150,100,150,50
フーパ,0,フーパ,エスパー,ゴースト,80,110,60,150,130,70
ボルケニオン,0,ボルケニオン,ほのお,みず,80,110,120,130,90,70
モクロー,0,モクロー,くさ,ひこう,68,55,55,50,50,42
フクスロー,0,フクスロー,くさ,ひこう,78,75,75,70,70,52
ジュナイパー,0,ジュナイパー,くさ,ゴースト,78,107,75,100,100,70
ニャビー,0,ニャビー,ほのお,-,45,65,40,60,40,70
ニャヒート,0,ニャヒート,ほのお,-,65,85,50,80,50,90
ガオガエン,0,ガオガエン,ほのお,あく,95,115,90,80,90,60
アシマリ,0,アシマリ,みず,-,50,54,54,66,56,40
オシャマリ,0,オシャマリ,みず,-,60,69,69,91,81,50
アシレーヌ,0,アシレーヌ,みず,フェアリー,80,74,74,126,116,60
ツツケラ,0,ツツケラ,ノーマル,ひこう,35,75,30,30,30,65
ケララッパ,0,ケララッパ,ノーマル,ひこう,55,85,50,40,50,75
ドデカバシ,0,ドデカバシ,ノーマル,ひこう,80,120,75,75,75,60
ヤングース,0,ヤングース,ノーマル,-,48,70,30,30,30,45
デカグース,0,デカグース,ノーマル,-,88,110,60,55,60,45
アゴジムシ,0,アゴジムシ,むし,-,47,62,45,55,45,46
デンヂムシ,0,デンヂムシ,むし,でんき,57,82,95,55,75,36
クワガノン,0,クワガノン,むし,でんき,77,70,90,145,75,43
マケンカニ,0,マケンカニ,かくとう,-,47,82,57,42,47,63
ケケンカニ,0,ケケンカニ,かくとう,こおり,97,132,77,62,67,43
オドリドリ,0,オドリドリ,ほのお,ひこう,75,70,70,98,70,93
アブリー,0,アブリー,むし,フェアリー,40,45,40,55,40,84
アブリボン,0,アブリボン,むし,フェアリー,60,55,60,95,70,124
イワンコ,0,イワンコ,いわ,-,45,65,40,30,40,60
ルガルガン,0,ルガルガン(まひる),いわ,-,75,115,65,55,65,112
ルガルガン,1,ルガルガン(まよなか),いわ,-,75,115,65,55,65,112
ルガルガン,2,ルガルガン(たそがれ),いわ,-,75,115,65,55,65,112
ヨワシ,0,ヨワシ,みず,-,45,20,20,25,25,40
ヒドイデ,0,ヒドイデ,どく,みず,50,53,62,43,52,45
ドヒドイデ,0,ドヒドイデ,どく,みず,50,63,152,53,142,35
ドロバンコ,0,ドロバンコ,じめん,-,70,100,70,45,55,45
バンバドロ,0,バンバドロ,じめん,-,100,125,100,55,85,35
シズクモ,0,シズクモ,みず,むし,38,40,52,40,72,27
オニシズクモ,0,オニシズクモ,みず,むし,68,70,92,50,132,42
カリキリ,0,カリキリ,くさ,-,40,55,35,50,35,35
ラランテス,0,ラランテス,くさ,-,70,105,90,80,90,45
ネマシュ,0,ネマシュ,くさ,フェアリー,40,35,55,65,75,15
マシェード,0,マシェード,くさ,フェアリー,60,45,80,90,100,30
ヤトウモリ,0,ヤトウモリ,どく,ほのお,48,44,40,71,40,77
エンニュート,0,エンニュート,どく,ほのお,68,64,60,111,60,117
ヌイコグマ,0,ヌイコグマ,ノーマル,かくとう,70,75,50,45,50,50
キテルグマ,0,キテルグマ,ノーマル,かくとう,120,125,80,55,60,60
アマカジ,0,アマカジ,くさ,-,42,30,38,30,38,32
アママイコ,0,アママイコ,くさ,-,52,40,48,40,48,62
アマージョ,0,アマージョ,くさ,-,72,120,98,50,98,72
キュワワー,0,キュワワー,フェアリー,-,51,52,90,82,110,100
ヤレユータン,0,ヤレユータン,ノーマル,エスパー,90,60,80,90,110,60
ナゲツケサル,0,ナゲツケサル,かくとう,-,100,120,90,40,60,80
コソクムシ,0,コソクムシ,むし,みず,25,35,40,20,30,80
グソクムシャ,0,グソクムシャ,むし,みず,75,125,140,60,90,40
スナバァ,0,スナバァ,ゴースト,じめん,55,55,80,70,45,15
シロデスナ,0,シロデスナ,ゴースト,じめん,85,75,110,100,75,35
ナマコブシ,0,ナマコブシ,みず,-,55,60,130,30,130,5
タイプ：ヌル,0,タイプ：ヌル,ノーマル,-,95,95,95,95,95,59
シルヴァディ,0,シルヴァディ,ノーマル,-,95,95,95,95,95,95
シルヴァディ,1,シルヴァディ,かくとう,-,95,95,95,95,95,95
シルヴァディ,2,シルヴァディ,ひこう,-,95,95,95,95,95,95
シルヴァディ,3,シルヴァディ,どく,-,95,95,95,95,95,95
シルヴァディ,4,シルヴァディ,じめん,-,95,95,95,95,95,95
シルヴァディ,5,シルヴァディ,いわ,-,95,95,95,95,95,95
シルヴァディ,6,シルヴァディ,むし,-,95,95,95,95,95,95
シルヴァディ,7,シルヴァディ,ゴースト,-,95,95,95,95,95,95
シルヴァディ,8,シルヴァディ,はがね,-,95,95,95,95,95,95
シルヴァディ,9,シルヴァディ,ほのお,-,95,95,95,95,95,95
シルヴァディ,10,シルヴァディ,みず,-,95,95,95,95,95,95
シルヴァディ,11,シルヴァディ,くさ,-,95,95,95,95,95,95
シルヴァディ,12,シルヴァディ,でんき,-,95,95,95,95,95,95
シルヴァディ,13,シルヴァディ,エスパー,-,95,95,95,95,95,95
シルヴァディ,14,シルヴァディ,こおり,-,95,95,95,95,95,95
シルヴァディ,15,シルヴァディ,ドラゴン,-,95,95,95,95,95,95
シルヴァディ,16,シルヴァディ,あく,-,95,95,95,95,95,95
シルヴァディ,17,シルヴァディ,フェアリー,-,95,95,95,95,95,95
メテノ,0,メテノ,いわ,ひこう,60,60,100,60,100,60
ネッコアラ,0,ネッコアラ,ノーマル,-,65,115,65,75,95,65
バクガメス,0,バクガメス,ほのお,ドラゴン,60,78,135,91,85,36
トゲデマル,0,トゲデマル,でんき,はがね,65,98,63,40,73,96
ミミッキュ,0,ミミッキュ,ゴースト,フェアリー,55,90,80,50,105,96
ハギギシリ,0,ハギギシリ,みず,エスパー,68,105,70,70,70,92
ジジーロン,0,ジジーロン,ノーマル,ドラゴン,78,60,85,135,91,36
ダダリン,0,ダダリン,ゴースト,くさ,70,131,100,86,90,40
ジャラコ,0,ジャラコ,ドラゴン,-,45,55,65,45,45,45
ジャランゴ,0,ジャランゴ,ドラゴン,かくとう,55,75,90,65,70,65
ジャラランガ,0,ジャラランガ,ドラゴン,かくとう,75,110,125,100,105,85
カプ・コケコ,0,カプ・コケコ,でんき,フェアリー,70,115,85,95,75,130
カプ・テテフ,0,カプ・テテフ,エスパー,フェアリー,70,85,75,130,115,95
カプ・ブルル,0,カプ・ブルル,くさ,フェアリー,70,130,115,85,95,75
カプ・レヒレ,0,カプ・レヒレ,みず,フェアリー,70,75,115,95,130,85
コスモッグ,0,コスモッグ,エスパー,-,43,29,31,29,31,37
コスモウム,0,コスモウム,エスパー,-,43,29,131,29,131,37
ソルガレオ,0,ソルガレオ,エスパー,はがね,137,137,107,113,89,97
ルナアーラ,0,ルナアーラ,エスパー,ゴースト,137,113,89,137,107,97
ウツロイド,0,ウツロイド,いわ,どく,109,53,47,127,131,103
マッシブーン,0,マッシブーン,むし,かくとう,107,139,139,53,53,79
フェローチェ,0,フェローチェ,むし,かくとう,71,137,37,137,37,151
デンジュモク,0,デンジュモク,でんき,-,83,89,71,173,71,83
テッカグヤ,0,テッカグヤ,はがね,ひこう,97,101,103,107,101,61
カミツルギ,0,カミツルギ,くさ,はがね,59,181,131,59,31,109
アクジキング,0,アクジキング,あく,ドラゴン,223,101,53,97,53,43
ネクロズマ,0,ネクロズマ,エスパー,-,97,107,101,127,89,79
ネクロズマ,1,ネクロズマ(にっしょく),エスパー,はがね,97,107,101,127,89,79
ネクロズマ,2,ネクロズマ(げっしょく,エスパー,ゴースト,97,107,101,127,89,79
マギアナ,0,マギアナ,はがね,フェアリー,80,95,115,130,115,65
マーシャドー,0,マーシャドー,かくとう,ゴースト,90,125,80,90,90,125
ベベノム,0,ベベノム,どく,-,67,73,67,73,67,73
アーゴヨン,0,アーゴヨン,どく,ドラゴン,73,73,73,127,73,121
ツンデツンデ,0,ツンデツンデ,いわ,はがね,61,131,211,53,101,13
ズガドーン,0,ズガドーン,ほのお,ゴースト,53,127,53,151,79,107
ゼラオラ,0,ゼラオラ,でんき,-,88,112,75,102,80,143
メルタン,0,メルタン,はがね,-,46,65,65,55,35,34
メルメタル,0,メルメタル,はがね,-,135,143,143,80,65,34
サルノリ,0,サルノリ,くさ,-,50,65,50,40,40,65
バチンキー,0,バチンキー,くさ,-,70,85,70,55,60,80
ゴリランダー,0,ゴリランダー,くさ,-,100,125,90,60,70,85
ヒバニー,0,ヒバニー,ほのお,-,50,71,40,40,40,69
ラビフット,0,ラビフット,ほのお,-,65,86,60,55,60,94
エースバーン,0,エースバーン,ほのお,-,80,116,75,65,75,119
メッソン,0,メッソン,みず,-,50,40,40,70,40,70
ジメレオン,0,ジメレオン,みず,-,65,60,55,95,55,90
インテレオン,0,インテレオン,みず,-,70,85,65,125,65,120
ホシガリス,0,ホシガリス,ノーマル,-,70,55,55,35,35,25
ヨクバリス,0,ヨクバリス,ノーマル,-,120,95,95,55,75,20
ココガラ,0,ココガラ,ひこう,-,38,47,35,33,35,57
アオガラス,0,アオガラス,ひこう,-,68,67,55,43,55,77
アーマーガア,0,アーマーガア,ひこう,はがね,98,87,105,53,85,67
サッチムシ,0,サッチムシ,むし,-,25,20,20,25,45,45
レドームシ,0,レドームシ,むし,エスパー,50,35,80,50,90,30
イオルブ,0,イオルブ,むし,エスパー,60,45,110,80,120,90
クスネ,0,クスネ,あく,-,40,28,28,47,52,50
フォクスライ,0,フォクスライ,あく,-,70,58,58,87,92,90
ヒメンカ,0,ヒメンカ,くさ,-,40,40,60,40,60,10
ワタシラガ,0,ワタシラガ,くさ,-,60,50,90,80,120,60
ウールー,0,ウールー,ノーマル,-,42,40,55,40,45,48
バイウールー,0,バイウールー,ノーマル,-,72,80,100,60,90,88
カムカメ,0,カムカメ,みず,-,50,64,50,38,38,44
カジリガメ,0,カジリガメ,みず,いわ,90,115,90,48,68,74
ワンパチ,0,ワンパチ,でんき,-,59,45,50,40,50,26
パルスワン,0,パルスワン,でんき,-,69,90,60,90,60,121
タンドン,0,タンドン,いわ,-,30,40,50,40,50,30
トロッゴン,0,トロッゴン,いわ,ほのお,80,60,90,60,70,50
セキタンザン,0,セキタンザン,いわ,ほのお,110,80,120,80,90,30
カジッチュ,0,カジッチュ,くさ,ドラゴン,40,40,80,40,40,20
アップリュー,0,アップリュー,くさ,ドラゴン,70,110,80,95,60,70
タルップル,0,タルップル,くさ,ドラゴン,110,85,80,100,80,30
スナヘビ,0,スナヘビ,じめん,-,52,57,75,35,50,46
サダイジャ,0,サダイジャ,じめん,-,72,107,125,65,70,71
ウッウ,0,ウッウ,ひこう,みず,70,85,55,85,95,85
サシカマス,0,サシカマス,みず,-,41,63,40,40,30,66
カマスジョー,0,カマスジョー,みず,-,61,123,60,60,50,136
エレズン,0,エレズン,でんき,どく,40,38,35,54,35,40
ストリンダー,0,ストリンダー(ハイ),でんき,どく,75,98,70,114,70,75
ストリンダー,1,ストリンダー(ロー),でんき,どく,75,98,70,114,70,75
ヤクデ,0,ヤクデ,ほのお,むし,50,65,45,50,50,45
マルヤクデ,0,マルヤクデ,ほのお,むし,100,115,65,90,90,65
タタッコ,0,タタッコ,かくとう,-,50,68,60,50,50,32
オトスパス,0,オトスパス,かくとう,-,80,118,90,70,80,42
ヤバチャ,0,ヤバチャ,ゴースト,-,40,45,45,74,54,50
ポットデス,0,ポットデス,ゴースト,-,60,65,65,134,114,70
ミブリム,0,ミブリム,エスパー,-,42,30,45,56,53,39
テブリム,0,テブリム,エスパー,-,57,40,65,86,73,49
ブリムオン,0,ブリムオン,エスパー,フェアリー,57,90,95,136,103,29
ベロバー,0,ベロバー,あく,フェアリー,45,45,30,55,40,50
ギモー,0,ギモー,あく,フェアリー,65,60,45,75,55,70
オーロンゲ,0,オーロンゲ,あく,フェアリー,95,120,65,95,75,60
タチフサグマ,0,タチフサグマ,あく,ノーマル,93,90,101,60,81,95
ニャイキング,0,ニャイキング,はがね,-,70,110,100,50,60,50
サニゴーン,0,サニゴーン,ゴースト,-,60,95,50,145,130,30
ネギガナイト,0,ネギガナイト,かくとう,-,62,135,95,68,82,65
バリコオル,0,バリコオル,こおり,エスパー,80,85,75,110,100,70
デスバーン,0,デスバーン,じめん,ゴースト,58,95,145,50,105,30
マホミル,0,マホミル,フェアリー,-,45,40,40,50,61,34
マホイップ,0,マホイップ,フェアリー,-,65,60,75,110,121,64
タイレーツ,0,タイレーツ,かくとう,-,65,100,100,70,60,75
バチンウニ,0,バチンウニ,でんき,-,48,101,95,91,85,15
ユキハミ,0,ユキハミ,こおり,むし,30,25,35,45,30,20
モスノウ,0,モスノウ,こおり,むし,70,65,60,125,90,65
イシヘンジン,0,イシヘンジン,いわ,-,100,125,135,20,20,70
コオリッポ,0,コオリッポ,こおり,-,75,80,110,65,90,50
イエッサン,0,イエッサン(♂),エスパー,ノーマル,60,65,55,105,95,95
イエッサン,1,イエッサン(♀),エスパー,ノーマル,60,65,55,105,95,95
モルペコ,0,モルペコ,でんき,あく,58,95,58,70,58,97
ゾウドウ,0,ゾウドウ,はがね,-,72,80,49,40,49,40
ダイオウドウ,0,ダイオウドウ,はがね,-,122,130,69,80,69,30
パッチラゴン,0,パッチラゴン,でんき,ドラゴン,90,100,90,80,70,75
パッチルドン,0,パッチルドン,でんき,こおり,90,100,90,90,80,55
ウオノラゴン,0,ウオノラゴン,みず,ドラゴン,90,90,100,70,80,75
ウオチルドン,0,ウオチルドン,みず,こおり,90,90,100,80,90,55
ジュラルドン,0,ジュラルドン,はがね,ドラゴン,70,95,115,120,50,85
ドラメシヤ,0,ドラメシヤ,ドラゴン,ゴースト,28,60,30,40,30,82
ドロンチ,0,ドロンチ,ドラゴン,ゴースト,68,80,50,60,50,102
ドラパルト,0,ドラパルト,ドラゴン,ゴースト,88,120,75,100,75,142
ザシアン,0,ザシアン(けんのおう),フェアリー,はがね,92,170,115,80,115,148
ザマゼンタ,0,ザマゼンタ(たてのおう),かくとう,はがね,92,130,145,80,145,128
ムゲンダイナ,0,ムゲンダイナ,どく,ドラゴン,140,85,95,145,95,130
ダクマ,0,ダクマ,かくとう,-,60,90,60,53,50,72
ウーラオス,0,ウーラオス(いちげき),かくとう,あく,100,130,100,63,60,97
ウーラオス,1,ウーラオス(れんげき),かくとう,みず,100,130,100,63,60,97
ザルード,0,ザルード,あく,くさ,105,120,105,70,95,105
レジエレキ,0,レジエレキ,でんき,-,80,100,50,100,50,200
レジドラゴ,0,レジドラゴ,ドラゴン,-,200,100,50,100,50,80
ブリザポス,0,ブリザポス,こおり,-,100,145,130,65,110,30
レイスポス,0,レイスポス,ゴースト,-,100,65,60,145,80,130
バドレックス,0,バドレックス,エスパー,くさ,100,80,80,80,80,80
バドレックス,1,バドレックス(はくば),エスパー,こおり,100,165,150,85,130,50
バドレックス,2,バドレックス(こくば),エスパー,ゴースト,100,85,80,165,100,150
